{
  "working_point": {
    "F_work": 0.7,
    "upper_branch": false
  },
  "summary": {
    "amplitude": {
      "r2_Var_X_in": 0.9974322764860365,
      "r2_Var_P_in": 1.0,
      "r2_Cov_XP_in": 1.0,
      "rmse_Var_X_in": 0.001703081773887131,
      "rmse_Var_P_in": 0.0,
      "rmse_Cov_XP_in": 0.0
    },
    "phase": {
      "r2_Var_X_in": 1.0,
      "r2_Var_P_in": 0.9936919006775682,
      "r2_Cov_XP_in": 1.0,
      "rmse_Var_X_in": 0.0,
      "rmse_Var_P_in": 0.002669381421518095,
      "rmse_Cov_XP_in": 0.0
    },
    "both": {
      "r2_Var_X_in": 0.9650348852429428,
      "r2_Var_P_in": -1.004689460579789,
      "r2_Cov_XP_in": -6.515049123200495,
      "rmse_Var_X_in": 0.004796601018396002,
      "rmse_Var_P_in": 0.048518629299720006,
      "rmse_Cov_XP_in": 0.026392067064945283
    }
  }
}