{
  "working_point": {
    "F_low": 0.11139240506329114,
    "F_high": 1.0936708860759492,
    "F_work": 0.8759493670886076,
    "F_left": 0.5569620253164557,
    "F_right": 0.9113924050632911,
    "upper_branch": true
  },
  "summary": {
    "amplitude": {
      "r2_Var_X_in": 0.9993859318762706,
      "r2_Var_P_in": 1.0,
      "r2_Cov_XP_in": 1.0,
      "rmse_Var_X_in": 0.0008328554826086037,
      "rmse_Var_P_in": 0.0,
      "rmse_Cov_XP_in": 0.0,
      "n_train": 10,
      "n_test": 5,
      "ridge_alpha": 0.01,
      "measurement_channel": "i_plus",
      "feature_names": [
        "mean",
        "var",
        "std",
        "skew",
        "kurt",
        "band_0",
        "band_1",
        "band_2",
        "band_3",
        "band_4",
        "band_5",
        "band_6",
        "band_7",
        "band_8",
        "band_9",
        "band_10",
        "band_11",
        "total_power",
        "centroid",
        "log_mean",
        "log_std"
      ],
      "target_names": [
        "Var_X_in",
        "Var_P_in",
        "Cov_XP_in"
      ],
      "ridge_coef": [
        [
          -0.009453422567592953,
          0.027528302635066674,
          0.012012549934018141,
          -0.0035891659947859924,
          -0.002552020492415649,
          0.005376128887795909,
          0.0,
          0.0,
          0.0038977613371685045,
          0.0,
          0.0,
          -0.0045879242936617895,
          0.0,
          0.0,
          4.2879211541534656e-05,
          0.0,
          0.0,
          0.008996862143960893,
          -0.0025511847611641466,
          -0.003294369321695072,
          -0.0021779735578118602
        ],
        [
          0.0,
          0.0,
          0.0,
          0.0,
          0.0,
          0.0,
          0.0,
          0.0,
          0.0,
          0.0,
          0.0,
          0.0,
          0.0,
          0.0,
          0.0,
          0.0,
          0.0,
          0.0,
          0.0,
          0.0,
          0.0
        ],
        [
          0.0,
          0.0,
          0.0,
          0.0,
          0.0,
          0.0,
          0.0,
          0.0,
          0.0,
          0.0,
          0.0,
          0.0,
          0.0,
          0.0,
          0.0,
          0.0,
          0.0,
          0.0,
          0.0,
          0.0,
          0.0
        ]
      ],
      "ridge_intercept": [
        0.028959975548425235,
        0.0,
        0.0
      ]
    },
    "phase": {
      "r2_Var_X_in": 1.0,
      "r2_Var_P_in": 0.949845195083858,
      "r2_Cov_XP_in": 1.0,
      "rmse_Var_X_in": 0.0,
      "rmse_Var_P_in": 0.007526925974687579,
      "rmse_Cov_XP_in": 0.0,
      "n_train": 10,
      "n_test": 5,
      "ridge_alpha": 0.01,
      "measurement_channel": "i_plus",
      "feature_names": [
        "mean",
        "var",
        "std",
        "skew",
        "kurt",
        "band_0",
        "band_1",
        "band_2",
        "band_3",
        "band_4",
        "band_5",
        "band_6",
        "band_7",
        "band_8",
        "band_9",
        "band_10",
        "band_11",
        "total_power",
        "centroid",
        "log_mean",
        "log_std"
      ],
      "target_names": [
        "Var_X_in",
        "Var_P_in",
        "Cov_XP_in"
      ],
      "ridge_coef": [
        [
          0.0,
          0.0,
          0.0,
          0.0,
          0.0,
          0.0,
          0.0,
          0.0,
          0.0,
          0.0,
          0.0,
          0.0,
          0.0,
          0.0,
          0.0,
          0.0,
          0.0,
          0.0,
          0.0,
          0.0,
          0.0
        ],
        [
          0.011612175030741542,
          0.005207064184550463,
          0.004915651874106212,
          -0.0035134477572661064,
          0.0018062329366014677,
          0.01376004609393144,
          0.0,
          0.0,
          -0.004484516987477052,
          0.0,
          0.0,
          0.0013666339423194528,
          0.0,
          0.0,
          -0.0021587005159396516,
          0.0,
          0.0,
          0.011004070826065429,
          -0.0007641212848144393,
          0.0007451855785625182,
          -0.0009534249529811143
        ],
        [
          0.0,
          0.0,
          0.0,
          0.0,
          0.0,
          0.0,
          0.0,
          0.0,
          0.0,
          0.0,
          0.0,
          0.0,
          0.0,
          0.0,
          0.0,
          0.0,
          0.0,
          0.0,
          0.0,
          0.0,
          0.0
        ]
      ],
      "ridge_intercept": [
        0.0,
        0.028959975548425207,
        0.0
      ]
    },
    "both": {
      "r2_Var_X_in": 0.22220808034273032,
      "r2_Var_P_in": 0.10097766684415144,
      "r2_Cov_XP_in": -25.61917437943283,
      "rmse_Var_X_in": 0.02262287677047784,
      "rmse_Var_P_in": 0.0324915335432298,
      "rmse_Cov_XP_in": 0.0496712151763506,
      "n_train": 10,
      "n_test": 5,
      "ridge_alpha": 0.01,
      "measurement_channel": "i_plus",
      "feature_names": [
        "mean",
        "var",
        "std",
        "skew",
        "kurt",
        "band_0",
        "band_1",
        "band_2",
        "band_3",
        "band_4",
        "band_5",
        "band_6",
        "band_7",
        "band_8",
        "band_9",
        "band_10",
        "band_11",
        "total_power",
        "centroid",
        "log_mean",
        "log_std"
      ],
      "target_names": [
        "Var_X_in",
        "Var_P_in",
        "Cov_XP_in"
      ],
      "ridge_coef": [
        [
          -0.0008289463762700447,
          0.01183225973229393,
          0.008532372507197145,
          9.602909787448824e-05,
          0.0007483752194125357,
          0.00855389715703385,
          0.0,
          0.0,
          0.010197588310139633,
          0.0,
          0.0,
          -0.0027027859462927994,
          0.0,
          0.0,
          -0.001136689496471164,
          0.0,
          0.0,
          0.00880386936537323,
          0.0003010439110942527,
          0.0008142250509605472,
          3.171544724556549e-07
        ],
        [
          0.013635613231253941,
          -0.002920053621934934,
          -6.605989848270145e-05,
          0.021110606590947798,
          0.014819373930036583,
          -0.00485794996983145,
          0.0,
          0.0,
          -0.0031877569473384385,
          0.0,
          0.0,
          -0.009481308534208767,
          0.0,
          0.0,
          -0.0020502933125329035,
          0.0,
          0.0,
          -0.005154184749303008,
          0.009831860825780414,
          0.0067658905483725254,
          0.0031578700191048164
        ],
        [
          0.0073857448511029655,
          0.0037796220899266276,
          -0.019425964771252476,
          -0.002438876532375262,
          -0.0042063378620526524,
          0.0017753857071718844,
          0.0,
          0.0,
          0.03151862763872691,
          0.0,
          0.0,
          0.010971335265679645,
          0.0,
          0.0,
          0.014990332724267431,
          0.0,
          0.0,
          0.004719040097350314,
          0.0031843950085418595,
          -0.03924262186140784,
          -0.002600708548136167
        ]
      ],
      "ridge_intercept": [
        0.029249383097979448,
        0.027314379121519024,
        -0.007935542242838768
      ]
    }
  }
}